case,violation_time_s,integral_violation_pu_s,worst_vmin,worst_vmax
baseline_tap-change,3246.1999999970476,73.27067374728608,0.9368237694052877,1.052481790929936
