case,violation_time_s,integral_violation_pu_s,worst_vmin,worst_vmax
baseline_no-tap,3244.9999999970487,76.55945675734594,0.9365371799045049,1.048846718938486
