bus,selected,capacity_kw
814r,1,279.0096851478426
816,0,0.0
824,1,1000.0
828,1,906.9191530335238
830,1,6.204951680721629
832,0,0.0
834,0,0.0
836,0,0.0
840,0,0.0
842,0,0.0
844,0,0.0
846,0,0.0
848,0,0.0
850,1,96.1771826875887
852,0,0.0
852r,0,0.0
854,0,0.0
858,0,0.0
860,0,0.0
862,0,0.0
