mode,violation_time_s,worst_vmin,worst_vmax,integral_violation_pu_s
baseline_no-tap,3244.9999999970487,0.9365371799045049,1.048846718938486,76.55945675734594
ofo_no-tap,1339.7999999987815,0.9400298084481908,1.0491492279745616,26.370077143269896
baseline_tap-change,3246.1999999970476,0.9368237694052877,1.052481790929936,73.27067374728608
ofo_tap-change,2482.599999997742,0.9403192849986115,1.0566556453556784,33.33644825609143
