{
  "status": "optimal",
  "objective_dollar_per_year": -222380.22615234953,
  "investment_cost_dollar_per_year": 536373.0901916934,
  "operational_savings_dollar_per_year": 761692.1811765572,
  "violation_penalty": 748.8648325143149,
  "switching_cost_dollar_per_year": 2190.0,
  "curtailment_mwh_per_year": 89.1204795810992,
  "solve_time_s": 24.749570846557617,
  "pv_locations": [
    "814r",
    "816",
    "828",
    "830",
    "852"
  ],
  "pv_capacities_kw": [
    304.0106708380441,
    497.2491668148776,
    1000.0,
    866.9680485551179,
    13.637564750427483
  ],
  "total_pv_kw": 2681.865450958467,
  "dc_assignments": {
    "upstream": "832",
    "downstream": "814r"
  },
  "tap_schedules": {
    "summer": {
      "0": {
        "creg1a": 2,
        "creg1b": 0,
        "creg1c": 0,
        "creg2a": 7,
        "creg2b": 5,
        "creg2c": 6
      },
      "1": {
        "creg1a": 2,
        "creg1b": 0,
        "creg1c": 0,
        "creg2a": 7,
        "creg2b": 5,
        "creg2c": 6
      },
      "2": {
        "creg1a": 2,
        "creg1b": 0,
        "creg1c": 0,
        "creg2a": 7,
        "creg2b": 5,
        "creg2c": 6
      },
      "3": {
        "creg1a": 2,
        "creg1b": 0,
        "creg1c": 0,
        "creg2a": 7,
        "creg2b": 5,
        "creg2c": 6
      },
      "4": {
        "creg1a": 2,
        "creg1b": 0,
        "creg1c": 0,
        "creg2a": 7,
        "creg2b": 5,
        "creg2c": 6
      },
      "5": {
        "creg1a": 2,
        "creg1b": 0,
        "creg1c": 0,
        "creg2a": 7,
        "creg2b": 5,
        "creg2c": 6
      },
      "6": {
        "creg1a": 2,
        "creg1b": 0,
        "creg1c": 0,
        "creg2a": 7,
        "creg2b": 5,
        "creg2c": 6
      },
      "7": {
        "creg1a": 2,
        "creg1b": 0,
        "creg1c": 0,
        "creg2a": 7,
        "creg2b": 5,
        "creg2c": 6
      },
      "8": {
        "creg1a": 2,
        "creg1b": 0,
        "creg1c": 0,
        "creg2a": 7,
        "creg2b": 5,
        "creg2c": 6
      },
      "9": {
        "creg1a": 2,
        "creg1b": 0,
        "creg1c": 0,
        "creg2a": 7,
        "creg2b": 5,
        "creg2c": 6
      },
      "10": {
        "creg1a": 2,
        "creg1b": 0,
        "creg1c": 0,
        "creg2a": 7,
        "creg2b": 5,
        "creg2c": 6
      },
      "11": {
        "creg1a": 2,
        "creg1b": 0,
        "creg1c": 0,
        "creg2a": 7,
        "creg2b": 5,
        "creg2c": 6
      },
      "12": {
        "creg1a": 2,
        "creg1b": 0,
        "creg1c": 0,
        "creg2a": 7,
        "creg2b": 5,
        "creg2c": 6
      },
      "13": {
        "creg1a": 2,
        "creg1b": 0,
        "creg1c": 0,
        "creg2a": 7,
        "creg2b": 5,
        "creg2c": 6
      },
      "14": {
        "creg1a": 2,
        "creg1b": 0,
        "creg1c": 0,
        "creg2a": 7,
        "creg2b": 5,
        "creg2c": 6
      },
      "15": {
        "creg1a": 2,
        "creg1b": 0,
        "creg1c": 0,
        "creg2a": 7,
        "creg2b": 5,
        "creg2c": 6
      },
      "16": {
        "creg1a": 2,
        "creg1b": 0,
        "creg1c": 0,
        "creg2a": 7,
        "creg2b": 5,
        "creg2c": 6
      },
      "17": {
        "creg1a": 2,
        "creg1b": 0,
        "creg1c": 0,
        "creg2a": 7,
        "creg2b": 5,
        "creg2c": 6
      },
      "18": {
        "creg1a": 2,
        "creg1b": 0,
        "creg1c": 0,
        "creg2a": 7,
        "creg2b": 5,
        "creg2c": 6
      },
      "19": {
        "creg1a": 2,
        "creg1b": 0,
        "creg1c": 0,
        "creg2a": 7,
        "creg2b": 5,
        "creg2c": 6
      },
      "20": {
        "creg1a": 2,
        "creg1b": 0,
        "creg1c": 0,
        "creg2a": 7,
        "creg2b": 5,
        "creg2c": 6
      },
      "21": {
        "creg1a": 2,
        "creg1b": 0,
        "creg1c": 0,
        "creg2a": 7,
        "creg2b": 5,
        "creg2c": 6
      },
      "22": {
        "creg1a": 2,
        "creg1b": 0,
        "creg1c": 0,
        "creg2a": 7,
        "creg2b": 5,
        "creg2c": 6
      },
      "23": {
        "creg1a": 2,
        "creg1b": 0,
        "creg1c": 0,
        "creg2a": 7,
        "creg2b": 5,
        "creg2c": 6
      }
    },
    "summer_cloudy": {
      "0": {
        "creg1a": 3,
        "creg1b": 0,
        "creg1c": 0,
        "creg2a": 0,
        "creg2b": 0,
        "creg2c": 0
      },
      "1": {
        "creg1a": 3,
        "creg1b": 0,
        "creg1c": 0,
        "creg2a": 0,
        "creg2b": 0,
        "creg2c": 0
      },
      "2": {
        "creg1a": 3,
        "creg1b": 0,
        "creg1c": 0,
        "creg2a": 0,
        "creg2b": 0,
        "creg2c": 0
      },
      "3": {
        "creg1a": 3,
        "creg1b": 0,
        "creg1c": 0,
        "creg2a": 0,
        "creg2b": 0,
        "creg2c": 0
      },
      "4": {
        "creg1a": 3,
        "creg1b": 0,
        "creg1c": 0,
        "creg2a": 0,
        "creg2b": 0,
        "creg2c": 0
      },
      "5": {
        "creg1a": 3,
        "creg1b": 0,
        "creg1c": 0,
        "creg2a": 0,
        "creg2b": 0,
        "creg2c": 0
      },
      "6": {
        "creg1a": 3,
        "creg1b": 0,
        "creg1c": 0,
        "creg2a": 0,
        "creg2b": 0,
        "creg2c": 0
      },
      "7": {
        "creg1a": 3,
        "creg1b": 0,
        "creg1c": 0,
        "creg2a": 0,
        "creg2b": 0,
        "creg2c": 0
      },
      "8": {
        "creg1a": 3,
        "creg1b": 0,
        "creg1c": 0,
        "creg2a": 0,
        "creg2b": 0,
        "creg2c": 0
      },
      "9": {
        "creg1a": 3,
        "creg1b": 0,
        "creg1c": 0,
        "creg2a": 0,
        "creg2b": 0,
        "creg2c": 0
      },
      "10": {
        "creg1a": 3,
        "creg1b": 0,
        "creg1c": 0,
        "creg2a": 0,
        "creg2b": 0,
        "creg2c": 0
      },
      "11": {
        "creg1a": 3,
        "creg1b": 0,
        "creg1c": 0,
        "creg2a": 0,
        "creg2b": 0,
        "creg2c": 0
      },
      "12": {
        "creg1a": 3,
        "creg1b": 0,
        "creg1c": 0,
        "creg2a": 0,
        "creg2b": 0,
        "creg2c": 0
      },
      "13": {
        "creg1a": 3,
        "creg1b": 0,
        "creg1c": 0,
        "creg2a": 0,
        "creg2b": 0,
        "creg2c": 0
      },
      "14": {
        "creg1a": 3,
        "creg1b": 0,
        "creg1c": 0,
        "creg2a": 0,
        "creg2b": 0,
        "creg2c": 0
      },
      "15": {
        "creg1a": 3,
        "creg1b": 0,
        "creg1c": 0,
        "creg2a": 0,
        "creg2b": 0,
        "creg2c": 0
      },
      "16": {
        "creg1a": 3,
        "creg1b": 0,
        "creg1c": 0,
        "creg2a": 0,
        "creg2b": 0,
        "creg2c": 0
      },
      "17": {
        "creg1a": 3,
        "creg1b": 0,
        "creg1c": 0,
        "creg2a": 0,
        "creg2b": 0,
        "creg2c": 0
      },
      "18": {
        "creg1a": 3,
        "creg1b": 0,
        "creg1c": 0,
        "creg2a": 0,
        "creg2b": 0,
        "creg2c": 0
      },
      "19": {
        "creg1a": 3,
        "creg1b": 0,
        "creg1c": 0,
        "creg2a": 0,
        "creg2b": 0,
        "creg2c": 0
      },
      "20": {
        "creg1a": 3,
        "creg1b": 0,
        "creg1c": 0,
        "creg2a": 0,
        "creg2b": 0,
        "creg2c": 0
      },
      "21": {
        "creg1a": 3,
        "creg1b": 0,
        "creg1c": 0,
        "creg2a": 0,
        "creg2b": 0,
        "creg2c": 0
      },
      "22": {
        "creg1a": 3,
        "creg1b": 0,
        "creg1c": 0,
        "creg2a": 0,
        "creg2b": 0,
        "creg2c": 0
      },
      "23": {
        "creg1a": 3,
        "creg1b": 0,
        "creg1c": 0,
        "creg2a": 0,
        "creg2b": 0,
        "creg2c": 0
      }
    },
    "spring": {
      "0": {
        "creg1a": 2,
        "creg1b": 0,
        "creg1c": 0,
        "creg2a": 7,
        "creg2b": 5,