bus,selected,capacity_kw
814r,1,304.0106708380441
816,1,497.2491668148776
824,0,0.0
828,1,1000.0
830,1,866.9680485551179
832,0,0.0
834,0,0.0
836,0,0.0
840,0,0.0
842,0,0.0
844,0,0.0
846,0,0.0
848,0,0.0
850,0,0.0
852,1,13.637564750427483
852r,0,0.0
854,0,0.0
858,0,0.0
860,0,0.0
862,0,0.0
