case,violation_time_s,integral_violation_pu_s,worst_vmin,worst_vmax
ofo_tap-change,569.9999999994816,25.503832935092614,0.9429113266901519,1.0635312472556033
