dc_bus,hosting_capacity_kw,hosting_capacity_MW,limiting_model,limiting_max_gpus
632,9721.6,9.7216,Llama-3.1-8B,6944
633,7205.8,7.2058,Llama-3.1-8B,5147
670,7660.8,7.6608,Llama-3.1-8B,5472
671,5037.2,5.0371999999999995,Llama-3.1-8B,3598
675,4536.0,4.536,Llama-3.1-8B,3240
680,4355.4,4.3553999999999995,Llama-3.1-8B,3111
692,5037.2,5.0371999999999995,Llama-3.1-8B,3598
