dc_bus,hosting_capacity_kw,hosting_capacity_MW,limiting_model,limiting_max_gpus
632,9945.6,9.9456,Llama-3.1-405B,7104
633,8195.6,8.1956,Llama-3.1-8B,5854
670,8297.8,8.297799999999999,Llama-3.1-8B,5927
671,5406.8,5.4068000000000005,Llama-3.1-8B,3862
675,5104.4,5.1044,Llama-3.1-8B,3646
680,4855.2,4.8552,Llama-3.1-8B,3468
692,5406.8,5.4068000000000005,Llama-3.1-8B,3862
