dc_bus,hosting_capacity_kw,hosting_capacity_MW,limiting_model,limiting_max_gpus
632,9945.6,9.9456,Llama-3.1-405B,7104
633,7844.2,7.8442,Llama-3.1-8B,5603
670,8142.4,8.1424,Llama-3.1-8B,5816
671,5303.2,5.3031999999999995,Llama-3.1-8B,3788
675,4891.6,4.8916,Llama-3.1-8B,3494
680,4634.0,4.634,Llama-3.1-8B,3310
692,5303.2,5.3031999999999995,Llama-3.1-8B,3788
