dc_bus,hosting_capacity_kw,hosting_capacity_MW,limiting_model,limiting_max_gpus
632,9816.8,9.816799999999999,Llama-3.1-8B,7012
633,7303.8,7.3038,Llama-3.1-8B,5217
670,7382.2,7.3822,Llama-3.1-8B,5273
671,4790.8,4.7908,Llama-3.1-8B,3422
675,4352.6,4.352600000000001,Llama-3.1-8B,3109
680,4088.0,4.088,Llama-3.1-8B,2920
692,4790.8,4.7908,Llama-3.1-8B,3422
