bus_z1_sw,bus_z2_nw,bus_z3_se,bus_z4_ne,violation_time_s,integral_violation_pu_s,worst_vmin,worst_vmax,wall_time_s
1,23,60,105,2460.0,22.610487095942794,0.9408598912567226,1.0489938095465896,0.09370530000160215
7,23,60,105,2760.0,53.098013014363545,0.9403263208243359,1.0489489998750487,0.13888679999945452
8,23,60,105,2820.0,81.81401564652627,0.9392849443053312,1.0489488858016567,0.1066041000012774
13,23,60,105,3120.0,132.46910681601412,0.9370922620566028,1.04899496750738,0.12752390000241576
18,23,60,105,3120.0,138.496192250623,0.9367822093161045,1.048977417329982,0.10283249999338295
