bus_z1_sw,bus_z2_nw,bus_z3_se,bus_z4_ne,violation_time_s,integral_violation_pu_s,worst_vmin,worst_vmax,wall_time_s
7,30,57,108,288.89999999973725,1.721074803109353,0.9464175988666769,1.0516792555034353,28.317217800002254
8,30,57,108,432.9999999996062,3.5973434082756173,0.9447305793335828,1.0507409003259003,28.361907500002417
1,30,57,108,618.0999999994378,1.7690213769092697,0.9472318030893235,1.054194283064688,27.94410069999867
13,30,57,108,2059.599999998127,15.23379277136497,0.9420875526018021,1.0508052131096817,28.704985399999714
18,30,57,108,2198.5999999980004,18.275147948288385,0.9417490836328748,1.0506207183745824,27.95763579999766
