bus_z1_sw,bus_z2_nw,bus_z3_se,bus_z4_ne,violation_time_s,integral_violation_pu_s,worst_vmin,worst_vmax,wall_time_s
8,23,60,97,2820.0,75.61854701735484,0.9396010857591297,1.0489779689058512,0.09418549999827519
8,23,60,98,2820.0,76.37471759154968,0.9395287151470282,1.0489827444917301,0.0916819000049145
8,23,60,99,2820.0,76.61380428704895,0.939452744667596,1.0489898471294623,0.10321819999808213
8,23,60,100,2820.0,78.25955035016496,0.9393602862362906,1.0489796425709088,0.09968659999867668
8,23,60,101,2820.0,78.27439055548048,0.9394620607040641,1.0489654569650808,0.13162870000087423
8,23,60,105,2820.0,81.81401564652627,0.9392849443053312,1.0489488858016567,0.11785089999466436
8,23,60,108,2820.0,86.62547547849702,0.9391082940597797,1.0489941444894697,0.10308429999713553
