bus_z1_sw,bus_z2_nw,bus_z3_se,bus_z4_ne,violation_time_s,integral_violation_pu_s,worst_vmin,worst_vmax,wall_time_s
7,30,57,108,288.89999999973725,1.721074803109353,0.9464175988666769,1.0516792555034353,26.786113599999226
7,30,57,105,319.69999999970923,1.6063460030230912,0.9463616508579542,1.0519687703835727,27.54524140000285
7,30,57,101,348.2999999996832,1.5502893429863716,0.9459906987046246,1.0521231005840614,27.351711400006025
7,30,57,98,379.9999999996544,1.60893243958896,0.9455632422540909,1.0523147464309142,27.87712779999856
7,30,57,97,381.79999999965275,1.5316747923662437,0.9456464939469559,1.0522813767605956,27.78518189999886
7,30,57,100,384.6999999996501,1.7526489376378238,0.945465364295361,1.0523507330127422,27.337116599999717
7,30,57,99,401.1999999996351,1.7377275219208648,0.9453588290099839,1.0524014991125574,27.261274900003627
