bus_z1_sw,bus_z2_nw,bus_z3_se,bus_z4_ne,violation_time_s,integral_violation_pu_s,worst_vmin,worst_vmax,wall_time_s
7,25,57,105,326.1999999997033,1.5864691806687063,0.9464592629617479,1.052020317255724,32.19328559999849
8,25,57,105,363.5999999996693,3.158937371254404,0.9450228539713934,1.0507357499630494,30.98883759999444
1,25,57,105,659.0999999994006,2.0385271138815386,0.947415486100239,1.0545364162083415,31.20879099999729
13,25,57,105,1885.699999998285,12.815847714487692,0.9423833454228001,1.0509411299325,31.49960629999987
18,25,57,105,2065.999999998121,15.427547161222147,0.9420457030191962,1.0508650044900858,31.05400070000178
