case,violation_time_s,integral_violation_pu_s,worst_vmin,worst_vmax
ofo_tap-change,28.099999999974443,0.015214748668218854,0.947563852178002,1.0514106619729333
