case,violation_time_s,integral_violation_pu_s,worst_vmin,worst_vmax
ofo_no-tap,36.59999999996671,0.0161463724124932,0.9478313304551057,1.0504567265476688
