case,violation_time_s,integral_violation_pu_s,worst_vmin,worst_vmax
baseline_no-tap,507.69999999953825,2.370954851339789,0.9401613330711986,1.0505660839805542
