case,violation_time_s,integral_violation_pu_s,worst_vmin,worst_vmax
ofo_tap-change,2482.599999997742,33.33644825609143,0.9403192849986115,1.0566556453556784
