case,violation_time_s,integral_violation_pu_s,worst_vmin,worst_vmax
baseline_no-tap,997.3999999990929,31.58227091461255,0.9352786970203044,1.0503298626544442
