case,violation_time_s,integral_violation_pu_s,worst_vmin,worst_vmax
ofo_no-tap,1339.7999999987815,26.370077143269896,0.9400298084481908,1.0491492279745616
