mode,violation_time_s,worst_vmin,worst_vmax,integral_violation_pu_s
baseline_no-tap,997.3999999990929,0.9352786970203044,1.0503298626544442,31.58227091461255
ofo_no-tap,118.99999999989177,0.9429113266901519,1.0503518388561228,0.10195207809011624
baseline_tap-change,1049.1999999990458,0.9352786970203044,1.063769744374833,41.654808740138236
ofo_tap-change,569.9999999994816,0.9429113266901519,1.0635312472556033,25.503832935092614
