case,violation_time_s,integral_violation_pu_s,worst_vmin,worst_vmax
baseline_tap-change,1049.1999999990458,41.654808740138236,0.9352786970203044,1.063769744374833
