case,violation_time_s,integral_violation_pu_s,worst_vmin,worst_vmax
ofo_no-tap,118.99999999989177,0.10195207809011624,0.9429113266901519,1.0503518388561228
