mode,violation_time_s,worst_vmin,worst_vmax,integral_violation_pu_s
baseline_no-tap,507.69999999953825,0.9401613330711986,1.0505660839805542,2.370954851339789
ofo_no-tap,36.59999999996671,0.9478313304551057,1.0504567265476688,0.0161463724124932
baseline_tap-change,568.399999999483,0.9393008459217734,1.0505660839805542,2.817856313762066
ofo_tap-change,28.099999999974443,0.947563852178002,1.0514106619729333,0.015214748668218854
